-- MySQL Script generated by MySQL Workbench
-- Thu Mar 30 01:12:02 2023
-- Model: New Model    Version: 1.0
-- MySQL Workbench Forward Engineering

SET @OLD_UNIQUE_CHECKS=@@UNIQUE_CHECKS, UNIQUE_CHECKS=0;
SET @OLD_FOREIGN_KEY_CHECKS=@@FOREIGN_KEY_CHECKS, FOREIGN_KEY_CHECKS=0;
SET @OLD_SQL_MODE=@@SQL_MODE, SQL_MODE='ONLY_FULL_GROUP_BY,STRICT_TRANS_TABLES,NO_ZERO_IN_DATE,NO_ZERO_DATE,ERROR_FOR_DIVISION_BY_ZERO,NO_ENGINE_SUBSTITUTION';

-- -----------------------------------------------------
-- Schema bbb
-- -----------------------------------------------------
DROP SCHEMA IF EXISTS `bbb` ;

-- -----------------------------------------------------
-- Schema bbb
-- -----------------------------------------------------
CREATE SCHEMA IF NOT EXISTS `bbb` DEFAULT CHARACTER SET utf8mb4 COLLATE utf8mb4_unicode_ci ;
USE `bbb` ;

-- -----------------------------------------------------
-- Table `bbb`.`candidates`
-- -----------------------------------------------------
DROP TABLE IF EXISTS `bbb`.`candidates` ;

CREATE TABLE IF NOT EXISTS `bbb`.`candidates` (
  `id` INT NOT NULL AUTO_INCREMENT,
  `cpf` VARCHAR(11) NOT NULL COMMENT 'CPF',
  `full_name` VARCHAR(100) NOT NULL COMMENT 'Nome completo',
  `age` INT NOT NULL COMMENT 'Data de nascimento',
  `father_name` VARCHAR(100) NULL COMMENT 'Nome do pai',
  `mother_name` VARCHAR(100) NULL COMMENT 'Nome da mãe',
  `gender` ENUM('M', 'F', 'OUTRO') NOT NULL COMMENT 'Sexo',
  `phone` VARCHAR(45) NOT NULL COMMENT 'Altura',
  `religion` VARCHAR(45) NULL COMMENT 'Religião',
  `email` VARCHAR(100) NOT NULL COMMENT 'E-mail',
  `password` VARCHAR(45) NOT NULL COMMENT 'Senha',
  `created_at` DATETIME NOT NULL DEFAULT CURRENT_TIMESTAMP COMMENT 'Data de criação do registro',
  `updated_at` DATETIME NULL DEFAULT CURRENT_TIMESTAMP ON UPDATE CURRENT_TIMESTAMP COMMENT 'Data de atualização do registro',
  `deleted_at` DATETIME NULL COMMENT 'Data de remoção do registro',
  PRIMARY KEY (`id`))
ENGINE = InnoDB;


-- -----------------------------------------------------
-- Table `bbb`.`applications`
-- -----------------------------------------------------
DROP TABLE IF EXISTS `bbb`.`applications` ;

CREATE TABLE IF NOT EXISTS `bbb`.`applications` (
  `id` INT NOT NULL AUTO_INCREMENT,
  `candidate_id` INT NOT NULL,
  `program_season` ENUM('BBB24') NOT NULL,
  `country_region` ENUM('NORTE', 'NORDESTE', 'CENTROOESTE', 'SUDESTE', 'SUL') NOT NULL,
  `video_url` VARCHAR(255) NULL,
  `photo1_url` VARCHAR(255) NULL,
  `photo2_url` VARCHAR(255) NULL,
  `photo3_url` VARCHAR(255) NULL,
  `status` ENUM('PENDENTE', 'ENTREGUE', 'REJEITADO', 'APROVADO') NOT NULL DEFAULT 'PENDENTE',
  `created_at` DATETIME NOT NULL DEFAULT CURRENT_TIMESTAMP,
  `updated_at` DATETIME NULL DEFAULT CURRENT_TIMESTAMP ON UPDATE CURRENT_TIMESTAMP,
  `deleted_at` DATETIME NULL,
  PRIMARY KEY (`id`, `candidate_id`),
  INDEX `fk_applications_candidate_idx` (`candidate_id` ASC) VISIBLE,
  INDEX `program_season_INDEX` (`program_season` ASC) INVISIBLE,
  INDEX `country_region_INDEX` (`country_region` ASC) VISIBLE,
  CONSTRAINT `fk_applications_candidates`
    FOREIGN KEY (`candidate_id`)
    REFERENCES `bbb`.`candidates` (`id`)
    ON DELETE NO ACTION
    ON UPDATE NO ACTION)
ENGINE = InnoDB;


-- -----------------------------------------------------
-- Table `bbb`.`questions`
-- -----------------------------------------------------
DROP TABLE IF EXISTS `bbb`.`questions` ;

CREATE TABLE IF NOT EXISTS `bbb`.`questions` (
  `id` INT NOT NULL AUTO_INCREMENT,
  `program_season` ENUM('BBB24') NOT NULL,
  `form_section` ENUM('BASICO', 'PESSOAL', 'FAMILIA', 'ESTILODEVIDA', 'DESEJOS', 'MEDICO', 'BBB') NOT NULL,
  `question_text` VARCHAR(255) NOT NULL,
  `is_active` TINYINT NOT NULL DEFAULT 0,
  PRIMARY KEY (`id`),
  INDEX `is_active_INDEX` (`is_active` ASC) VISIBLE)
ENGINE = InnoDB;


-- -----------------------------------------------------
-- Table `bbb`.`answers`
-- -----------------------------------------------------
DROP TABLE IF EXISTS `bbb`.`answers` ;

CREATE TABLE IF NOT EXISTS `bbb`.`answers` (
  `id` INT NOT NULL AUTO_INCREMENT,
  `application_id` INT NOT NULL,
  `question_id` INT NOT NULL,
  `answer_text` VARCHAR(255) NOT NULL,
  `created_at` DATETIME NOT NULL DEFAULT CURRENT_TIMESTAMP,
  `updated_at` DATETIME NULL DEFAULT CURRENT_TIMESTAMP ON UPDATE CURRENT_TIMESTAMP,
  `deleted_at` DATETIME NULL,
  PRIMARY KEY (`id`, `application_id`, `question_id`),
  INDEX `fk_answers_application_idx` (`application_id` ASC) VISIBLE,
  INDEX `fk_answers_question_idx` (`question_id` ASC) INVISIBLE,
  UNIQUE INDEX `aplication_question_UNIQUE` (`application_id` ASC, `question_id` ASC) VISIBLE,
  CONSTRAINT `fk_answers_applications`
    FOREIGN KEY (`application_id`)
    REFERENCES `bbb`.`applications` (`id`)
    ON DELETE NO ACTION
    ON UPDATE NO ACTION,
  CONSTRAINT `fk_answers_questions`
    FOREIGN KEY (`question_id`)
    REFERENCES `bbb`.`questions` (`id`)
    ON DELETE NO ACTION
    ON UPDATE NO ACTION)
ENGINE = InnoDB;


SET SQL_MODE=@OLD_SQL_MODE;
SET FOREIGN_KEY_CHECKS=@OLD_FOREIGN_KEY_CHECKS;
SET UNIQUE_CHECKS=@OLD_UNIQUE_CHECKS;

-- -----------------------------------------------------
-- Data for table `bbb`.`candidates`
-- -----------------------------------------------------
START TRANSACTION;
USE `bbb`;
INSERT INTO `bbb`.`candidates` (`id`, `cpf`, `full_name`, `age`, `father_name`, `mother_name`, `gender`, `phone`, `religion`, `email`, `password`, `created_at`, `updated_at`, `deleted_at`) VALUES (1, '11111111111', 'Gil do Vigor', 31, '', 'Jacira Santana', 'M', '+55 (11) 11111-1111 ', 'Mórmon', 'gildovigor@webmail.com', '123456', DEFAULT, NULL, NULL);
INSERT INTO `bbb`.`candidates` (`id`, `cpf`, `full_name`, `age`, `father_name`, `mother_name`, `gender`, `phone`, `religion`, `email`, `password`, `created_at`, `updated_at`, `deleted_at`) VALUES (2, '22222222222', 'Sabrina Sato', 42, 'Omar Rahal', 'Kika Sato', 'F', '+55 (22) 22222-2222', 'Seicho-no-ie', 'sabrinasato@webmail.com', '123456', DEFAULT, NULL, NULL);

COMMIT;


-- -----------------------------------------------------
-- Data for table `bbb`.`applications`
-- -----------------------------------------------------
START TRANSACTION;
USE `bbb`;
INSERT INTO `bbb`.`applications` (`id`, `candidate_id`, `program_season`, `country_region`, `video_url`, `photo1_url`, `photo2_url`, `photo3_url`, `status`, `created_at`, `updated_at`, `deleted_at`) VALUES (1, 1, 'BBB24', 'NORDESTE', '', '', '', '', 'PENDENTE', DEFAULT, NULL, NULL);
INSERT INTO `bbb`.`applications` (`id`, `candidate_id`, `program_season`, `country_region`, `video_url`, `photo1_url`, `photo2_url`, `photo3_url`, `status`, `created_at`, `updated_at`, `deleted_at`) VALUES (2, 2, 'BBB24', 'SUDESTE', 'https://youtu.be/4ouUiWuNSlQ', 'https://encrypted-vtbn0.gstatic.com/video?q=tbn:ANd9GcRs3wwXEGXZNCOfZXHFT7XImAiBLGe_j1ONKQ', '', '', 'ENTREGUE', DEFAULT, NULL, NULL);

COMMIT;


-- -----------------------------------------------------
-- Data for table `bbb`.`questions`
-- -----------------------------------------------------
START TRANSACTION;
USE `bbb`;
INSERT INTO `bbb`.`questions` (`id`, `program_season`, `form_section`, `question_text`, `is_active`) VALUES (1, 'BBB24', 'PESSOAL', 'Nome do(a) melhor amigo(a)', 1);
INSERT INTO `bbb`.`questions` (`id`, `program_season`, `form_section`, `question_text`, `is_active`) VALUES (2, 'BBB24', 'PESSOAL', 'Nível máximo de escolaridade completado por você?', 1);
INSERT INTO `bbb`.`questions` (`id`, `program_season`, `form_section`, `question_text`, `is_active`) VALUES (3, 'BBB24', 'PESSOAL', 'Você é filiado(a) a algum partido político?', 1);
INSERT INTO `bbb`.`questions` (`id`, `program_season`, `form_section`, `question_text`, `is_active`) VALUES (4, 'BBB24', 'FAMILIA', 'Você tem filhos ou dependentes? Indique nome completos e grau parentesco', 1);
INSERT INTO `bbb`.`questions` (`id`, `program_season`, `form_section`, `question_text`, `is_active`) VALUES (5, 'BBB24', 'FAMILIA', 'Seu estado civil ou relacionamento e há quanto tempo está nesse estado civil ou relacionamento', 1);
INSERT INTO `bbb`.`questions` (`id`, `program_season`, `form_section`, `question_text`, `is_active`) VALUES (6, 'BBB24', 'MEDICO', 'Liste suas alergias (remédios, alimentos, poeira, etc) e seu tratamento atual para elas (se houver)', 1);
INSERT INTO `bbb`.`questions` (`id`, `program_season`, `form_section`, `question_text`, `is_active`) VALUES (7, 'BBB24', 'BBB', 'O que você faria se o Big Brother o tornasse famoso(a)?', 1);
INSERT INTO `bbb`.`questions` (`id`, `program_season`, `form_section`, `question_text`, `is_active`) VALUES (8, 'BBB24', 'BBB', 'Em 50 palavras, diga porque você merece entrar para o BBB', 1);

COMMIT;


-- -----------------------------------------------------
-- Data for table `bbb`.`answers`
-- -----------------------------------------------------
START TRANSACTION;
USE `bbb`;
INSERT INTO `bbb`.`answers` (`id`, `application_id`, `question_id`, `answer_text`, `created_at`, `updated_at`, `deleted_at`) VALUES (1, 2, 1, 'Grazi Massafera', DEFAULT, NULL, NULL);
INSERT INTO `bbb`.`answers` (`id`, `application_id`, `question_id`, `answer_text`, `created_at`, `updated_at`, `deleted_at`) VALUES (2, 2, 2, 'Graduada em Dança na Universidade Federal do Rio de Janeiro', DEFAULT, NULL, NULL);
INSERT INTO `bbb`.`answers` (`id`, `application_id`, `question_id`, `answer_text`, `created_at`, `updated_at`, `deleted_at`) VALUES (3, 2, 3, 'Não', DEFAULT, NULL, NULL);
INSERT INTO `bbb`.`answers` (`id`, `application_id`, `question_id`, `answer_text`, `created_at`, `updated_at`, `deleted_at`) VALUES (4, 2, 4, 'Tenho 1 filha, se chama Zoe e tem 4 anos', DEFAULT, NULL, NULL);
INSERT INTO `bbb`.`answers` (`id`, `application_id`, `question_id`, `answer_text`, `created_at`, `updated_at`, `deleted_at`) VALUES (5, 2, 5, 'Fui casada 10 anos e atualmente estou divorciada', DEFAULT, NULL, NULL);
INSERT INTO `bbb`.`answers` (`id`, `application_id`, `question_id`, `answer_text`, `created_at`, `updated_at`, `deleted_at`) VALUES (6, 2, 6, 'Tenho alergia a poeira e tomo antistaminico quando necessário', DEFAULT, NULL, NULL);
INSERT INTO `bbb`.`answers` (`id`, `application_id`, `question_id`, `answer_text`, `created_at`, `updated_at`, `deleted_at`) VALUES (7, 2, 7, 'Iria usar o prêmio pra mudar vida da minha família', DEFAULT, NULL, NULL);
INSERT INTO `bbb`.`answers` (`id`, `application_id`, `question_id`, `answer_text`, `created_at`, `updated_at`, `deleted_at`) VALUES (8, 2, 8, 'Sou extrovertida, adoro desafios e experimentar coisas novas. Posso interagir com pessoas de diferentes backgrounds, trazendo diversão e aprendizado para a casa. Seria uma experiência emocionante para mim e todos. Por isso, mereço entrar no BBB', DEFAULT, NULL, NULL);

COMMIT;

